{
  "state": {
    "isStdOutTTY": false,
    "isStdErrTTY": false,
    "testRunDurationMs": 78008.2604
  },
  "metrics": {
    "data_received": {
      "contains": "data",
      "values": {
        "count": 3053985585,
        "rate": 39149515.31209892
      },
      "type": "counter"
    },
    "iteration_duration": {
      "type": "trend",
      "contains": "time",
      "values": {
        "p(90)": 32203.238360000003,
        "p(95)": 33811.549399999996,
        "avg": 20620.43706120951,
        "min": 1568.1952,
        "med": 21613.643,
        "max": 40311.4593
      }
    },
    "http_req_duration{expected_response:true}": {
      "type": "trend",
      "contains": "time",
      "values": {
        "med": 636.8646,
        "max": 22864.9836,
        "p(90)": 12540.11468,
        "p(95)": 14963.7666,
        "avg": 3927.4424159102355,
        "min": 2.7266
      }
    },
    "http_req_receiving": {
      "type": "trend",
      "contains": "time",
      "values": {
        "max": 15234.4363,
        "p(90)": 6378.27051,
        "p(95)": 11128.18773,
        "avg": 1569.357750962125,
        "min": 0,
        "med": 0
      }
    },
    "hata_orani": {
      "type": "rate",
      "contains": "default",
      "values": {
        "fails": 4378,
        "rate": 0.10853186723681531,
        "passes": 533
      },
      "thresholds": {
        "rate<0.20": {
          "ok": true
        }
      }
    },
    "checks": {
      "type": "rate",
      "contains": "default",
      "values": {
        "rate": 0.8697617593158217,
        "passes": 7119,
        "fails": 1066
      }
    },
    "events_sure_ms": {
      "type": "trend",
      "contains": "default",
      "values": {
        "avg": 191.6733182040319,
        "min": 4.8816,
        "med": 154.5021,
        "max": 1459.2861,
        "p(90)": 351.6618,
        "p(95)": 462.55136
      }
    },
    "http_reqs": {
      "type": "counter",
      "contains": "default",
      "values": {
        "count": 6548,
        "rate": 83.93982850564888
      }
    },
    "http_req_blocked": {
      "type": "trend",
      "contains": "time",
      "values": {
        "med": 0,
        "max": 9.5074,
        "p(90)": 0,
        "p(95)": 1.0496899999999998,
        "avg": 0.09328378130726933,
        "min": 0
      }
    },
    "http_req_connecting": {
      "type": "trend",
      "contains": "time",
      "values": {
        "med": 0,
        "max": 9.5074,
        "p(90)": 0,
        "p(95)": 0.6084149999999937,
        "avg": 0.07726374465485641,
        "min": 0
      }
    },
    "tickets_sure_ms": {
      "type": "trend",
      "contains": "default",
      "values": {
        "max": 22864.9836,
        "p(90)": 16137.09764,
        "p(95)": 17697.477199999983,
        "avg": 8362.188517593151,
        "min": 161.5086,
        "med": 6683.6729
      }
    },
    "data_sent": {
      "values": {
        "count": 2134434,
        "rate": 27361.640793620365
      },
      "type": "counter",
      "contains": "data"
    },
    "http_req_sending": {
      "type": "trend",
      "contains": "time",
      "values": {
        "avg": 0.027271334758704965,
        "min": 0,
        "med": 0,
        "max": 11.434,
        "p(90)": 0,
        "p(95)": 0
      }
    },
    "http_req_duration": {
      "contains": "time",
      "values": {
        "min": 2.7266,
        "med": 1055.25775,
        "max": 22864.9836,
        "p(90)": 15200.463590000001,
        "p(95)": 15584.5991,
        "avg": 4878.934841295044
      },
      "thresholds": {
        "p(95)<2000": {
          "ok": false
        }
      },
      "type": "trend"
    },
    "http_req_tls_handshaking": {
      "type": "trend",
      "contains": "time",
      "values": {
        "avg": 0,
        "min": 0,
        "med": 0,
        "max": 0,
        "p(90)": 0,
        "p(95)": 0
      }
    },
    "iterations": {
      "type": "counter",
      "contains": "default",
      "values": {
        "count": 1637,
        "rate": 20.98495712641222
      }
    },
    "http_req_waiting": {
      "type": "trend",
      "contains": "time",
      "values": {
        "min": 2.68,
        "med": 632.7479,
        "max": 17847.5167,
        "p(90)": 13992.750310000001,
        "p(95)": 15246.649104999999,
        "avg": 3309.5498189981554
      }
    },
    "vus": {
      "type": "gauge",
      "contains": "default",
      "values": {
        "value": 44,
        "min": 32,
        "max": 500
      }
    },
    "http_req_failed": {
      "type": "rate",
      "contains": "default",
      "values": {
        "passes": 533,
        "fails": 6015,
        "rate": 0.08139890042761148
      },
      "thresholds": {
        "rate<0.20": {
          "ok": true
        }
      }
    },
    "vus_max": {
      "contains": "default",
      "values": {
        "min": 500,
        "max": 500,
        "value": 500
      },
      "type": "gauge"
    }
  },
  "root_group": {
    "path": "",
    "id": "d41d8cd98f00b204e9800998ecf8427e",
    "groups": [],
    "checks": [
        {
          "path": "::Login 200",
          "id": "ac854669b7c617b3d138ba46d69d141d",
          "passes": 1104,
          "fails": 533,
          "name": "Login 200"
        },
        {
          "name": "Token var",
          "path": "::Token var",
          "id": "c3fabf1fe7b17a1191e8e5e9d837c317",
          "passes": 1104,
          "fails": 533
        },
        {
          "path": "::GET /api/events 200",
          "id": "9c50283720cbf24a5775b6f606f67ad9",
          "passes": 1637,
          "fails": 0,
          "name": "GET /api/events 200"
        },
        {
          "id": "88170486f5437af130c05bd9a77d84bf",
          "passes": 1637,
          "fails": 0,
          "name": "GET /api/tickets 200",
          "path": "::GET /api/tickets 200"
        },
        {
          "name": "POST /api/tickets 201",
          "path": "::POST /api/tickets 201",
          "id": "0af322fd0ba93f75da4ad413cf8b2985",
          "passes": 1637,
          "fails": 0
        }
      ],
    "name": ""
  },
  "options": {
    "summaryTrendStats": [
      "avg",
      "min",
      "med",
      "max",
      "p(90)",
      "p(95)"
    ],
    "summaryTimeUnit": "",
    "noColor": false
  }
}